Date,Score
2010/7/1,#N/A
2010/7/2,0.090935923
2010/7/6,0.052680377
2010/7/7,-0.959829509
2010/7/8,0.066599429
2010/7/9,0.05918166
2010/7/12,-0.564620554
2010/7/13,0.063788183
2010/7/14,-0.136359006
2010/7/15,-0.912238955
2010/7/16,-0.052152313
2010/7/19,-0.327536702
2010/7/20,0.799979031
2010/7/21,#N/A
2010/7/22,-0.568887889
2010/7/23,-0.837758601
2010/7/26,0.906983912
2010/7/27,0.862360358
2010/7/28,0.641930938
2010/7/29,#N/A
2010/7/30,0.441597819
2010/8/2,0.921690285
2010/8/3,#N/A
2010/8/4,0.009314563
2010/8/5,0.032254674
2010/8/6,0.065721132
2010/8/9,0.075015701
2010/8/10,0.657365084
2010/8/11,-0.009785369
2010/8/12,0.77986598
2010/8/13,#N/A
2010/8/16,#N/A
2010/8/17,0.464489013
2010/8/18,0.190349787
2010/8/19,-0.898323298
2010/8/20,#N/A
2010/8/23,#N/A
2010/8/24,0.767705441
2010/8/25,0.106529266
2010/8/26,#N/A
2010/8/27,-0.856098354
2010/8/30,-0.889979362
2010/8/31,0.05804985
2010/9/1,-0.030800536
2010/9/2,0.648920059
2010/9/3,0.190761149
2010/9/7,#N/A
2010/9/8,-0.944451034
2010/9/9,0.730453968
2010/9/10,-0.940160871
2010/9/13,0.549297333
2010/9/14,0.237793177
2010/9/15,0.90804249
2010/9/16,0.568740487
2010/9/17,0.010540446
2010/9/20,0.914342344
2010/9/21,0.828706503
2010/9/22,0.610023618
2010/9/23,0.862225711
2010/9/24,0.771868527
2010/9/27,0.027646901
2010/9/28,0.845753312
2010/9/29,-0.86555177
2010/9/30,-0.964063227
2010/10/1,-0.506145835
2010/10/4,-0.640489817
2010/10/5,0.795146585
2010/10/6,-0.892223775
2010/10/7,0.518886685
2010/10/8,0.161398456
2010/10/11,-0.534443855
2010/10/12,0.293437898
2010/10/13,0.129197106
2010/10/14,0.114854179
2010/10/15,-0.155904561
2010/10/18,0.033656813
2010/10/19,-0.878928721
2010/10/20,0.074548133
2010/10/21,0.667165995
2010/10/22,-0.270037442
2010/10/25,0.685057402
2010/10/26,-0.253013521
2010/10/27,-0.785325944
2010/10/28,-0.755904913
2010/10/29,0.936825991
2010/11/1,#N/A
2010/11/2,0.322985739
2010/11/3,-0.88487184
2010/11/4,0.721497774
2010/11/5,-0.043849938
2010/11/8,0.089646526
2010/11/9,0.060959011
2010/11/10,0.130669236
2010/11/11,#N/A
2010/11/12,-0.897379279
2010/11/15,0.430203855
2010/11/16,0.004397592
2010/11/17,0.898186803
2010/11/18,0.761576653
2010/11/19,-0.93467468
2010/11/22,0.105307057
2010/11/23,-0.629273415
2010/11/24,0.182379663
2010/11/26,0.889657021
2010/11/29,0.084376119
2010/11/30,0.179172829
2010/12/1,-0.297080189
2010/12/2,0.236388534
2010/12/3,0.899444759
2010/12/6,-0.849183083
2010/12/7,0.935239136
2010/12/8,0.511338055
2010/12/9,0.713715374
2010/12/10,0.375659525
2010/12/13,0.018964276
2010/12/14,-0.96327579
2010/12/15,0.824171484
2010/12/16,0.24364838
2010/12/17,-0.001538908
2010/12/20,0.241023034
2010/12/21,-0.655303538
2010/12/22,0.056354649
2010/12/23,-0.585372448
2010/12/27,0.637086868
2010/12/28,0.006823463
2010/12/29,-0.045523256
2010/12/30,-0.758094549
2010/12/31,0.085048996
2011/1/3,0.935394108
2011/1/4,0.10997501
2011/1/5,0.068274044
2011/1/6,0.052057795
2011/1/7,0.041872866
2011/1/10,0.913129449
2011/1/11,0.494760245
2011/1/12,0.448462784
2011/1/13,0.706343055
2011/1/14,0.027561337
2011/1/18,-0.074529588
2011/1/19,-0.052984618
2011/1/20,0.093350351
2011/1/21,0.033027083
2011/1/24,0.008412611
2011/1/25,0.600362241
2011/1/26,0.935139954
2011/1/27,-0.559476495
2011/1/28,0.167693332
2011/1/31,0.879782081
2011/2/1,0.071094841
2011/2/2,0.056187648
2011/2/3,-0.433947772
2011/2/4,0.263613105
2011/2/7,0.707134008
2011/2/8,0.446861744
2011/2/9,0.127465487
2011/2/10,-0.182227194
2011/2/11,0.035847887
2011/2/14,0.834805071
2011/2/15,0.075618103
2011/2/16,0.798155606
2011/2/17,-0.436094463
2011/2/18,-0.323341519
2011/2/22,0.042017899
2011/2/23,-0.400794774
2011/2/24,0.647623658
2011/2/25,0.614816606
2011/2/28,-0.020688307
2011/3/1,0.073917747
2011/3/2,-0.953263938
2011/3/3,0.79112047
2011/3/4,0.374120802
2011/3/7,-0.951710463
2011/3/8,0.03086346
2011/3/9,-0.923571527
2011/3/10,-0.945316494
2011/3/11,0.090456001
2011/3/14,0.175758228
2011/3/15,-0.857456088
2011/3/16,0.791648209
2011/3/17,-0.940735459
2011/3/18,0.088270053
2011/3/21,-0.262934297
2011/3/22,-0.698208511
2011/3/23,0.039449908
2011/3/24,0.885045826
2011/3/25,0.664366782
2011/3/28,-0.669652462
2011/3/29,0.306412429
2011/3/30,0.843751729
2011/3/31,0.748354614
2011/4/1,#N/A
2011/4/4,-0.715127409
2011/4/5,-0.794116318
2011/4/6,0.088685803
2011/4/7,0.935437739
2011/4/8,-0.1266803
2011/4/11,-0.959481895
2011/4/12,0.763454616
2011/4/13,-0.06692981
2011/4/14,-0.037293382
2011/4/15,#N/A
2011/4/18,#N/A
2011/4/19,-0.259169728
2011/4/20,-0.834999084
2011/4/21,-0.001912501
2011/4/25,-0.785052657
2011/4/26,0.044139281
2011/4/27,-0.201485276
2011/4/28,-0.434948444
2011/4/29,0.047406133
2011/5/2,0.061278783
2011/5/3,0.770102322
2011/5/4,0.547109723
2011/5/5,#N/A
2011/5/6,0.913201749
2011/5/9,-0.623051524
2011/5/10,-0.11885646
2011/5/11,-0.146133929
2011/5/12,#N/A
2011/5/13,#N/A
2011/5/16,-0.740458369
2011/5/17,-0.038063049
2011/5/18,-0.968766809
2011/5/19,-0.044336945
2011/5/20,0.032246929
2011/5/23,-0.908499897
2011/5/24,-0.956031382
2011/5/25,-0.971964002
2011/5/26,-0.887095988
2011/5/27,0.543649912
2011/5/31,-0.878328264
2011/6/1,0.087900445
2011/6/2,-0.922550857
2011/6/3,-0.964699209
2011/6/6,-0.003833786
2011/6/7,0.330595076
2011/6/8,0.024699684
2011/6/9,0.035304487
2011/6/10,#N/A
2011/6/13,-0.718567014
2011/6/14,0.82849592
2011/6/15,0.924495518
2011/6/16,-0.035427064
2011/6/17,0.088643976
2011/6/20,-0.593219042
2011/6/21,0.644604206
2011/6/22,-0.898300052
2011/6/23,-0.859315038
2011/6/24,0.193277389
2011/6/27,0.611930728
2011/6/28,0.294927865
2011/6/29,-0.685043633
2011/6/30,0.069533214
2011/7/1,0.895169377
2011/7/5,0.039262984
2011/7/6,0.054214943
2011/7/7,0.866378665
2011/7/8,-0.925242186
2011/7/11,-0.689702094
2011/7/12,-0.964574873
2011/7/13,-0.52685982
2011/7/14,0.130059749
2011/7/15,0.872977316
2011/7/18,0.173884124
2011/7/19,0.003378505
2011/7/20,0.901755095
2011/7/21,0.609680295
2011/7/22,-0.562503755
2011/7/25,0.844365656
2011/7/26,-0.14289856
2011/7/27,0.439822853
2011/7/28,0.371375173
2011/7/29,0.437215358
2011/8/1,0.57751739
2011/8/2,-0.918192804
2011/8/3,-0.015488574
2011/8/4,0.087729052
2011/8/5,-0.036581308
2011/8/8,0.897915483
2011/8/9,-0.131015152
2011/8/10,0.630430281
2011/8/11,-0.934823751
2011/8/12,0.074590035
2011/8/15,0.013568789
2011/8/16,-0.043981258
2011/8/17,0.880491793
2011/8/18,-0.255397081
2011/8/19,0.00884692
2011/8/22,0.011815291
2011/8/23,0.902818024
2011/8/24,-0.250659645
2011/8/25,0.158343673
2011/8/26,-0.069042891
2011/8/29,-0.286094338
2011/8/30,0.048374895
2011/8/31,0.03052632
2011/9/1,0.913464606
2011/9/2,-0.198229432
2011/9/6,0.296919882
2011/9/7,-0.93167758
2011/9/8,0.291469842
2011/9/9,-0.02362618
2011/9/12,0.242812186
2011/9/13,0.908387005
2011/9/14,-0.111392342
2011/9/15,-0.956947625
2011/9/16,0.029344371
2011/9/19,0.145865545
2011/9/20,-0.251947939
2011/9/21,0.094744533
2011/9/22,0.050349787
2011/9/23,0.064126343
2011/9/26,-0.000380782
2011/9/27,-0.826213717
2011/9/28,0.00283201
2011/9/29,-0.022938393
2011/9/30,0.070483446
2011/10/3,0.082766734
2011/10/4,0.744437456
2011/10/5,-0.087888435
2011/10/6,-0.839226663
2011/10/7,-0.370512277
2011/10/10,0.338498503
2011/10/11,0.82311815
2011/10/12,-0.3264063
2011/10/13,0.668120623
2011/10/14,-0.576022565
2011/10/17,0.210609287
2011/10/18,-0.347171903
2011/10/19,-0.922293603
2011/10/20,-0.960357726
2011/10/21,0.02920468
2011/10/24,-0.107365191
2011/10/25,0.081819527
2011/10/26,0.506833553
2011/10/27,0.706231177
2011/10/28,-0.127514303
2011/10/31,0.063697495
2011/11/1,0.02457625
2011/11/2,0.085117459
2011/11/3,0.892485023
2011/11/4,-0.422347546
2011/11/7,0.143318579
2011/11/8,-0.885470748
2011/11/9,0.501007915
2011/11/10,-0.249549061
2011/11/11,-0.828100085
2011/11/14,0.400597423
2011/11/15,0.077083215
2011/11/16,-0.960000157
2011/11/17,0.57461518
2011/11/18,-0.087707147
2011/11/21,-0.954430461
2011/11/22,0.186494455
2011/11/23,0.011949312
2011/11/25,-0.874371052
2011/11/28,-0.806282222
2011/11/29,0.125929713
2011/11/30,0.621884704
2011/12/1,-0.053365476
2011/12/2,0.002046689
2011/12/5,0.044592034
2011/12/6,0.559588432
2011/12/7,-0.96229744
2011/12/8,0.1465251
2011/12/9,0.071111053
2011/12/12,-0.134228617
2011/12/13,0.09212739
2011/12/14,0.029315962
2011/12/15,0.194853961
2011/12/16,0.779063344
2011/12/19,-0.040186107
2011/12/20,0.770468771
2011/12/21,0.771895289
2011/12/22,0.709219217
2011/12/23,0.884769678
2011/12/27,0.02782343
2011/12/28,0.116726026
2011/12/29,-0.009253129
2011/12/30,0.826467991
2012/1/3,0.120659478
2012/1/4,-0.942072034
2012/1/5,-0.872397184
2012/1/6,0.940437734
2012/1/9,-0.071529083
2012/1/10,-0.718155146
2012/1/11,0.831183314
2012/1/12,0.928507209
2012/1/13,0.13578923
2012/1/17,-0.937319696
2012/1/18,0.702509761
2012/1/19,-0.935694516
2012/1/20,0.107878581
2012/1/23,0.506679714
2012/1/24,0.044735689
2012/1/25,-0.76013124
2012/1/26,0.388346374
2012/1/27,-0.593403101
2012/1/30,-0.865343869
2012/1/31,0.627712905
2012/2/1,0.845483005
2012/2/2,0.193555862
2012/2/3,0.242925078
2012/2/6,0.042604446
2012/2/7,-0.972803175
2012/2/8,0.172499076
2012/2/9,0.357158959
2012/2/10,0.112457551
2012/2/13,0.310300529
2012/2/14,0.900631964
2012/2/15,0.049900327
2012/2/16,0.889233232
2012/2/17,-0.853475511
2012/2/21,0.243710697
2012/2/22,0.772119939
2012/2/23,0.285384327
2012/2/24,0.235575959
2012/2/27,0.004257225
2012/2/28,0.887739837
2012/2/29,0.163810253
2012/3/1,-0.672681272
2012/3/2,0.821661294
2012/3/5,0.047764521
2012/3/6,0.872613192
2012/3/7,-0.691897213
2012/3/8,0.717150867
2012/3/9,-0.817513645
2012/3/12,0.019268896
2012/3/13,0.763118923
2012/3/14,-0.913029313
2012/3/15,0.765735745
2012/3/16,0.061575778
2012/3/19,-0.002178688
2012/3/20,0.058146078
2012/3/21,0.098072425
2012/3/22,0.935787797
2012/3/23,0.106924854
2012/3/26,0.747821212
2012/3/27,0.926747143
2012/3/28,0.095605537
2012/3/29,-0.90165782
2012/3/30,-0.922757685
2012/4/2,-0.216305822
2012/4/3,-0.000082
2012/4/4,0.030239992
2012/4/5,-0.099698156
2012/4/9,0.49540633
2012/4/10,-0.957749546
2012/4/11,0.190126583
2012/4/12,0.093637027
2012/4/13,0.045016151
2012/4/16,0.132065445
2012/4/17,0.262094289
2012/4/18,-0.144123644
2012/4/19,0.199592128
2012/4/20,-0.51858449
2012/4/23,-0.902960062
2012/4/24,0.361692786
2012/4/25,0.043860544
2012/4/26,-0.132377505
2012/4/27,0.029856261
2012/4/30,-0.66065073
2012/5/1,0.850453556
2012/5/2,0.860533178
2012/5/3,-0.339819729
2012/5/4,0.503218174
2012/5/7,-0.718108594
2012/5/8,0.650463641
2012/5/9,0.129227191
2012/5/10,#N/A
2012/5/11,-0.81174314
2012/5/14,0.402805269
2012/5/15,0.604137003
2012/5/16,0.060098369
2012/5/17,0.069232285
2012/5/18,0.056817211
2012/5/21,0.379735619
2012/5/22,0.588363886
2012/5/23,-0.581384897
2012/5/24,-0.769575357
2012/5/25,0.184648514
2012/5/29,0.018626507
2012/5/30,-0.004456528
2012/5/31,-0.970363438
2012/6/1,0.8968907
2012/6/4,0.065199271
2012/6/5,-0.811891496
2012/6/6,-0.799660087
2012/6/7,0.093722619
2012/6/8,-0.074250191
2012/6/11,0.826459348
2012/6/12,0.099356979
2012/6/13,-0.930521309
2012/6/14,0.906466722
2012/6/15,0.004035994
2012/6/18,0.74812299
2012/6/19,-0.962064803
2012/6/20,-0.939324379
2012/6/21,0.090528712
2012/6/22,0.052939244
2012/6/25,0.087695904
2012/6/26,0.098314665
2012/6/27,0.553009331
2012/6/28,-0.268159032
2012/6/29,-0.096112967
2012/7/2,-0.77936697
2012/7/3,-0.934694827
2012/7/5,0.616421044
2012/7/6,-0.913644016
2012/7/9,-0.96650219
2012/7/10,0.020798866
2012/7/11,0.148556054
2012/7/12,-0.964553714
2012/7/13,-0.891400218
2012/7/16,-0.938795269
2012/7/17,-0.798402131
2012/7/18,0.894940853
2012/7/19,-0.836076498
2012/7/20,-0.06429252
2012/7/23,0.382526815
2012/7/24,-0.028446633
2012/7/25,0.907453895
2012/7/26,-0.93232137
2012/7/27,0.118018292
2012/7/30,0.218411669
2012/7/31,0.871943116
2012/8/1,0.84668225
2012/8/2,#N/A
2012/8/3,-0.962437749
2012/8/6,0.055950064
2012/8/7,-0.693770349
2012/8/8,0.040334906
2012/8/9,0.052122056
2012/8/10,-0.001155734
2012/8/13,0.191227674
2012/8/14,0.241124794
2012/8/15,-0.702813387
2012/8/16,0.054446146
2012/8/17,-0.889460683
2012/8/20,0.37377581
2012/8/21,0.035341918
2012/8/22,0.818395793
2012/8/23,-0.009600915
2012/8/24,0.319891691
2012/8/27,0.774352491
2012/8/28,0.064812079
2012/8/29,-0.591748178
2012/8/30,0.041165087
2012/8/31,0.063714214
2012/9/4,0.000294633
2012/9/5,0.792671859
2012/9/6,0.028729368
2012/9/7,0.309549004
2012/9/10,0.061130404
2012/9/11,0.075369671
2012/9/12,0.000961743
2012/9/13,-0.941524506
2012/9/14,-0.528190494
2012/9/17,0.070928983
2012/9/18,0.922706425
2012/9/19,-0.905092835
2012/9/20,0.126005217
2012/9/21,-0.919601381
2012/9/24,-0.10255082
2012/9/25,0.044506878
2012/9/26,-0.172664329
2012/9/27,0.178795248
2012/9/28,-0.89171052
2012/10/1,-0.06625437
2012/10/2,-0.81174624
2012/10/3,-0.022338504
2012/10/4,-0.063824832
2012/10/5,-0.621913314
2012/10/8,0.459467351
2012/10/9,0.281369269
2012/10/10,0.934166312
2012/10/11,-0.562701404
2012/10/12,0.078999892
2012/10/15,0.090748705
2012/10/16,0.632470131
2012/10/17,0.076412618
2012/10/18,0.287383318
2012/10/19,-0.899261832
2012/10/22,0.286100656
2012/10/23,0.902526557
2012/10/24,-0.954564869
2012/10/25,0.762687802
2012/10/26,0.915039241
2012/10/31,0.866541207
2012/11/1,0.151285484
2012/11/2,-0.100166388
2012/11/5,0.232295528
2012/11/6,0.313708544
2012/11/7,-0.961278081
2012/11/8,-0.425179005
2012/11/9,-0.196525037
2012/11/12,-0.966509998
2012/11/13,0.058360431
2012/11/14,0.639528632
2012/11/15,0.258263558
2012/11/16,0.449165672
2012/11/19,0.027612843
2012/11/20,0.006759094
2012/11/21,0.041463986
2012/11/23,-0.717095912
2012/11/26,-0.967862666
2012/11/27,0.039338872
2012/11/28,0.072920486
2012/11/29,0.031001007
2012/11/30,0.72494632
2012/12/3,0.043031704
2012/12/4,0.918385148
2012/12/5,0.857435048
2012/12/6,0.830048144
2012/12/7,-0.759350419
2012/12/10,0.8954162
2012/12/11,0.89443779
2012/12/12,0.024924463
2012/12/13,-0.760757089
2012/12/14,-0.114234716
2012/12/17,0.458579034
2012/12/18,-0.327082783
2012/12/19,0.032055065
2012/12/20,0.348820657
2012/12/21,-0.907782376
2012/12/24,0.040718131
2012/12/26,0.349009067
2012/12/27,-0.95981276
2012/12/28,0.01555115
2012/12/31,-0.245045483
2013/1/2,0.022752035
2013/1/3,-0.040046617
2013/1/4,-0.971844971
2013/1/7,-0.570198774
2013/1/8,0.178292513
2013/1/9,-0.413573116
2013/1/10,0.87694037
2013/1/11,0.049116373
2013/1/14,0.833110869
2013/1/15,-0.813535213
2013/1/16,0.018790325
2013/1/17,#N/A
2013/1/18,0.056692675
2013/1/22,0.060224619
2013/1/23,-0.934496224
2013/1/24,0.015039634
2013/1/25,-0.023958264
2013/1/28,#N/A
2013/1/29,0.108385392
2013/1/30,0.908985436
2013/1/31,0.807688653
2013/2/1,0.046802849
2013/2/4,-0.963624716
2013/2/5,-0.37707907
2013/2/6,0.082119815
2013/2/7,0.046004683
2013/2/8,-0.667673051
2013/2/11,0.920639694
2013/2/12,-0.890566289
2013/2/13,-0.010046134
2013/2/14,-0.354112834
2013/2/15,0.49246332
2013/2/19,-0.559144258
2013/2/20,0.318166822
2013/2/21,0.734460115
2013/2/22,-0.782375216
2013/2/25,0.796840608
2013/2/26,0.934008598
2013/2/27,0.05118699
2013/2/28,0.508898318
2013/3/1,-0.904615104
2013/3/4,-0.972060084
2013/3/5,-0.919734061
2013/3/6,-0.933896363
2013/3/7,-0.954505265
2013/3/8,-0.00047645
2013/3/11,0.910649002
2013/3/12,-0.94062686
2013/3/13,-0.525683165
2013/3/14,0.819384456
2013/3/15,0.206249535
2013/3/18,0.077268027
2013/3/19,0.320873022
2013/3/20,0.751739323
2013/3/21,0.648778617
2013/3/22,0.519413352
2013/3/25,0.611143649
2013/3/26,0.183006749
2013/3/27,-0.654071987
2013/3/28,0.032139391
2013/4/1,0.834427834
2013/4/2,0.249862552
2013/4/3,-0.958527088
2013/4/4,0.002917156
2013/4/5,0.741219938
2013/4/8,-0.496654242
2013/4/9,0.357885957
2013/4/10,-0.974195242
2013/4/11,-0.206621438
2013/4/12,0.278134704
2013/4/15,0.012810061
2013/4/16,-0.942491651
2013/4/17,0.922299981
2013/4/18,-0.841405392
2013/4/19,#N/A
2013/4/22,0.038996205
2013/4/23,0.271961093
2013/4/24,0.281736493
2013/4/25,0.937807024
2013/4/26,0.833070576
2013/4/29,-0.817352235
2013/4/30,0.734019637
2013/5/1,0.336439997
2013/5/2,#N/A
2013/5/3,0.630056977
2013/5/6,0.021836527
2013/5/7,0.934879005
2013/5/8,0.657585204
2013/5/9,#N/A
2013/5/10,0.074829094
2013/5/13,0.028601127
2013/5/14,-0.957064807
2013/5/15,0.671471834
2013/5/16,-0.018314676
2013/5/17,-0.534400225
2013/5/20,0.627519608
2013/5/21,0.41982162
2013/5/22,-0.962660909
2013/5/23,0.01851929
2013/5/24,0.128014848
2013/5/28,0.715758026
2013/5/29,-0.514926434
2013/5/30,0.697499812
2013/5/31,0.102783009
2013/6/3,0.654334307
2013/6/4,-0.530163288
2013/6/5,0.502679408
2013/6/6,0.713380098
2013/6/7,-0.923760355
2013/6/10,0.242564887
2013/6/11,0.084909625
2013/6/12,#N/A
2013/6/13,0.786100864
2013/6/14,0.067857258
2013/6/17,0.48346436
2013/6/18,0.090109199
2013/6/19,0.508304894
2013/6/20,#N/A
2013/6/21,0.435336053
2013/6/24,0.86478585
2013/6/25,0.519727588
2013/6/26,#N/A
2013/6/27,0.052512795
2013/6/28,#N/A
2013/7/1,0.013739491
2013/7/2,0.049778096
2013/7/3,#N/A
2013/7/5,-0.083875969
2013/7/8,-0.967824638
2013/7/9,-0.874019027
2013/7/10,-0.00863559
2013/7/11,0.714670062
2013/7/12,0.93675983
2013/7/15,0.113056295
2013/7/16,0.192610011
2013/7/17,0.115699895
2013/7/18,0.046517666
2013/7/19,0.41264385
2013/7/22,0.074162319
2013/7/23,-0.967429042
2013/7/24,0.523355126
2013/7/25,-0.970474243
2013/7/26,0.933042824
2013/7/29,-0.842206895
2013/7/30,-0.041412611
2013/7/31,0.326135874
2013/8/1,-0.073878348
2013/8/2,-0.256514877
2013/8/5,-0.960459292
2013/8/6,#N/A
2013/8/7,0.847444296
2013/8/8,0.034855008
2013/8/9,-0.674491644
2013/8/12,0.106756769
2013/8/13,0.186588198
2013/8/14,0.037974976
2013/8/15,-0.682779253
2013/8/16,0.152122915
2013/8/19,-0.012636006
2013/8/20,0.050508317
2013/8/21,0.278114498
2013/8/22,0.046506219
2013/8/23,-0.746443808
2013/8/26,0.0000764
2013/8/27,#N/A
2013/8/28,0.157639042
2013/8/29,-0.01267257
2013/8/30,-0.835830748
2013/9/3,0.126007557
2013/9/4,-0.146748871
2013/9/5,-0.004982732
2013/9/6,0.172425836
2013/9/9,0.040581845
2013/9/10,-0.946269214
2013/9/11,0.06325525
2013/9/12,0.805583417
2013/9/13,-0.951452374
2013/9/16,-0.747887135
2013/9/17,-0.949663579
2013/9/18,0.005822213
2013/9/19,-0.92545414
2013/9/20,0.00598192
2013/9/23,-0.755083025
2013/9/24,0.007223859
2013/9/25,0.091166332
2013/9/26,-0.45759356
2013/9/27,#N/A
2013/9/30,0.089097872
2013/10/1,-0.230140746
2013/10/2,-0.862249374
2013/10/3,0.35399428
2013/10/4,-0.007988503
2013/10/7,-0.053098679
2013/10/8,0.026479976
2013/10/9,-0.972923696
2013/10/10,-0.956523478
2013/10/11,-0.260124505
2013/10/14,-0.053448699
2013/10/15,0.129562691
2013/10/16,-0.947149515
2013/10/17,0.300333023
2013/10/18,-0.385207832
2013/10/21,0.831643403
2013/10/22,0.018915532
2013/10/23,0.073717587
2013/10/24,0.043217249
2013/10/25,#N/A
2013/10/28,-0.889542341
2013/10/29,-0.948111713
2013/10/30,-0.964102685
2013/10/31,0.732575476
2013/11/1,0.832018435
2013/11/4,0.473690629
2013/11/5,-0.049441226
2013/11/6,#N/A
2013/11/7,-0.024103593
2013/11/8,#N/A
2013/11/11,0.014912572
2013/11/12,0.165677235
2013/11/13,-0.011150403
2013/11/14,0.129426152
2013/11/15,0.300020993
2013/11/18,0.095023736
2013/11/19,#N/A
2013/11/20,#N/A
2013/11/21,0.426486224
2013/11/22,#N/A
2013/11/25,0.042397469
2013/11/26,0.585881829
2013/11/27,-0.115211666
2013/11/29,0.935724378
2013/12/2,0.117011055
2013/12/3,-0.869046986
2013/12/4,0.184588611
2013/12/5,0.302915424
2013/12/6,#N/A
2013/12/9,0.041517302
2013/12/10,-0.783661962
2013/12/11,#N/A
2013/12/12,#N/A
2013/12/13,-0.96125412
2013/12/16,0.790753484
2013/12/17,-0.000905188
2013/12/18,-0.216074169
2013/12/19,#N/A
2013/12/20,#N/A
2013/12/23,0.192401901
2013/12/24,0.019141998
2013/12/26,#N/A
2013/12/27,0.164679497
2013/12/30,-0.285857767
2013/12/31,#N/A
2014/1/2,0.065190747
2014/1/3,#N/A
2014/1/6,-0.798231483
2014/1/7,0.33321619
2014/1/8,#N/A
2014/1/9,0.246106058
2014/1/10,#N/A
2014/1/13,0.675968885
2014/1/14,-0.009480413
2014/1/15,0.564905703
2014/1/16,#N/A
2014/1/17,-0.947675705
2014/1/21,#N/A
2014/1/22,0.368975312
2014/1/23,0.110141419
2014/1/24,0.048405778
2014/1/27,-0.937108517
2014/1/28,0.460016817
2014/1/29,#N/A
2014/1/30,0.266134679
2014/1/31,#N/A
2014/2/3,0.005830921
2014/2/4,#N/A
2014/2/5,#N/A
2014/2/6,0.010607785
2014/2/7,0.420631468
2014/2/10,-0.194392458
2014/2/11,-0.062182434
2014/2/12,0.195517048
2014/2/13,-0.059689295
2014/2/14,#N/A
2014/2/18,-0.934875607
2014/2/19,#N/A
2014/2/20,-0.920231402
2014/2/21,0.07915359
2014/2/24,0.452323794
2014/2/25,#N/A
2014/2/26,0.044070948
2014/2/27,#N/A
2014/2/28,0.106628142
2014/3/3,-0.004680661
2014/3/4,-0.133253202
2014/3/5,-0.95561415
2014/3/6,-0.847549319
2014/3/7,-0.956213892
2014/3/10,#N/A
2014/3/11,-0.007919878
2014/3/12,#N/A
2014/3/13,0.038302641
2014/3/14,#N/A
2014/3/17,0.357840151
2014/3/18,-0.047322415
2014/3/19,#N/A
2014/3/20,0.621745825
2014/3/21,0.058274671
2014/3/24,0.013093531
2014/3/25,#N/A
2014/3/26,#N/A
2014/3/27,#N/A
2014/3/28,0.263394326
2014/3/31,-0.028188042
2014/4/1,0.463965178
2014/4/2,#N/A
2014/4/3,#N/A
2014/4/4,#N/A
2014/4/7,0.027387157
2014/4/8,0.000659678
2014/4/9,-0.076638117
2014/4/10,0.399957061
2014/4/11,#N/A
2014/4/14,0.613356292
2014/4/15,#N/A
2014/4/16,#N/A
2014/4/17,#N/A
2014/4/21,-0.053599149
2014/4/22,0.008443061
2014/4/23,0.210252866
2014/4/24,0.040101577
2014/4/25,0.023271903
2014/4/28,0.633837104
2014/4/29,-0.002913009
2014/4/30,#N/A
2014/5/1,#N/A
2014/5/2,0.129465997
2014/5/5,#N/A
2014/5/6,#N/A
2014/5/7,#N/A
2014/5/8,0.170082062
2014/5/9,0.010285588
2014/5/12,0.264895886
2014/5/13,#N/A
2014/5/14,0.425002515
2014/5/15,#N/A
2014/5/16,0.089656256
2014/5/19,0.235444546
2014/5/20,#N/A
2014/5/21,0.842237651
2014/5/22,0.076822072
2014/5/23,-0.730190873
2014/5/27,0.03184098
2014/5/28,0.035669539
2014/5/29,-0.003509477
2014/5/30,0.803633034
2014/6/2,-0.017365793
2014/6/3,-0.833455205
2014/6/4,#N/A
2014/6/5,#N/A
2014/6/6,-0.032686464
2014/6/9,0.660640478
2014/6/10,0.293214679
2014/6/11,#N/A
2014/6/12,#N/A
2014/6/13,#N/A
2014/6/16,#N/A
2014/6/17,-0.291134
2014/6/18,0.002436936
2014/6/19,0.042048533
2014/6/20,0.068663418
2014/6/23,0.019419607
2014/6/24,#N/A
2014/6/25,-0.146601826
2014/6/26,-0.023459304
2014/6/27,#N/A
2014/6/30,0.845493436
2014/7/1,-0.003778338
2014/7/2,#N/A
2014/7/3,#N/A
2014/7/7,0.064017475
2014/7/8,-0.169252843
2014/7/9,-0.073391154
2014/7/10,-0.148694515
2014/7/11,-0.003535617
2014/7/14,-0.927491307
2014/7/15,0.074124277
2014/7/16,0.2530213
2014/7/17,-0.438904762
2014/7/18,#N/A
2014/7/21,#N/A
2014/7/22,0.009351484
2014/7/23,0.197681874
2014/7/24,#N/A
2014/7/25,-0.215364903
2014/7/28,0.080398053
2014/7/29,-0.818059146
2014/7/30,#N/A
2014/7/31,0.019350968
2014/8/1,0.042641606
2014/8/4,0.717967093
2014/8/5,-0.576734364
2014/8/6,-0.069820747
2014/8/7,#N/A
2014/8/8,-0.847533584
2014/8/11,#N/A
2014/8/12,0.461331427
2014/8/13,#N/A
2014/8/14,#N/A
2014/8/15,0.028857665
2014/8/18,0.679432631
2014/8/19,0.036182553
2014/8/20,#N/A
2014/8/21,0.019387089
2014/8/22,-0.963115752
2014/8/25,#N/A
2014/8/26,0.029910261
2014/8/27,0.152516484
2014/8/28,0.066894166
2014/8/29,-0.07243257
2014/9/2,0.30813688
2014/9/3,-0.649077296
2014/9/4,0.108001612
2014/9/5,-0.098562442
2014/9/8,0.852651834
2014/9/9,0.023149315
2014/9/10,-0.908925295
2014/9/11,-0.170448303
2014/9/12,-0.293065131
2014/9/15,-0.068664804
2014/9/16,-0.031785443
2014/9/17,0.6256935
2014/9/18,#N/A
2014/9/19,0.116530694
2014/9/22,0.030609336
2014/9/23,#N/A
2014/9/24,-0.020550588
2014/9/25,-0.716403365
2014/9/26,-0.313402742
2014/9/29,-0.88384819
2014/9/30,0.793410838
2014/10/1,0.050289705
2014/10/2,0.567768574
2014/10/3,0.039000746
2014/10/6,-0.149111152
2014/10/7,0.000839086
2014/10/8,-0.966243625
2014/10/9,-0.859242797
2014/10/10,-0.895617247
2014/10/13,0.300094306
2014/10/14,#N/A
2014/10/15,-0.91696924
2014/10/16,0.017019238
2014/10/17,#N/A
2014/10/20,-0.01487736
2014/10/21,-0.187459022
2014/10/22,#N/A
2014/10/23,0.208605379
2014/10/24,0.28074497
2014/10/27,-0.842256486
2014/10/28,0.046381708
2014/10/29,#N/A
2014/10/30,#N/A
2014/10/31,#N/A
2014/11/3,0.064668439
2014/11/4,0.376567721
2014/11/5,#N/A
2014/11/6,#N/A
2014/11/7,#N/A
2014/11/10,#N/A
2014/11/11,0.84577173
2014/11/12,0.137467116
2014/11/13,#N/A
2014/11/14,#N/A
2014/11/17,-0.067626789
2014/11/18,#N/A
2014/11/19,-0.010193599
2014/11/20,0.426727772
2014/11/21,#N/A
2014/11/24,-0.169717014
2014/11/25,0.176658809
2014/11/26,#N/A
2014/11/28,#N/A
2014/12/1,-0.770603538
2014/12/2,-0.921097338
2014/12/3,#N/A
2014/12/4,#N/A
2014/12/5,-0.697262526
2014/12/8,#N/A
2014/12/9,#N/A
2014/12/10,0.181114644
2014/12/11,#N/A
2014/12/12,#N/A
2014/12/15,0.045714572
2014/12/16,-0.317186952
2014/12/17,#N/A
2014/12/18,#N/A
2014/12/19,-0.562862337
2014/12/22,#N/A
2014/12/23,0.12775299
2014/12/24,#N/A
2014/12/26,#N/A
2014/12/29,#N/A
2014/12/30,-0.001845568
2014/12/31,-0.655132115
2015/1/2,#N/A
2015/1/5,0.028669134
2015/1/6,0.403193772
2015/1/7,-0.724692404
2015/1/8,0.916926742
2015/1/9,#N/A
2015/1/12,0.622374058
2015/1/13,-0.959949672
2015/1/14,-0.07150431
2015/1/15,-0.944961548
2015/1/16,#N/A
2015/1/20,#N/A
2015/1/21,#N/A
2015/1/22,0.020999094
2015/1/23,#N/A
2015/1/26,0.312370121
2015/1/27,0.081170723
2015/1/28,0.791710734
2015/1/29,0.451493084
2015/1/30,#N/A
2015/2/2,0.028767563
2015/2/3,#N/A
2015/2/4,0.099320978
2015/2/5,#N/A
2015/2/6,#N/A
2015/2/9,#N/A
2015/2/10,-0.0250929
2015/2/11,-0.397260755
2015/2/12,#N/A
2015/2/13,-0.061455235
2015/2/17,0.200778946
2015/2/18,#N/A
2015/2/19,0.200745285
2015/2/20,#N/A
2015/2/23,-0.213099688
2015/2/24,#N/A
2015/2/25,-0.783803761
2015/2/26,0.039581254
2015/2/27,-0.83798784
2015/3/2,#N/A
2015/3/3,0.022693463
2015/3/4,-0.949163616
2015/3/5,-0.884013832
2015/3/6,-0.536466002
2015/3/9,0.047128666
2015/3/10,0.589499891
2015/3/11,-0.784916997
2015/3/12,#N/A
2015/3/13,#N/A
2015/3/16,-0.002666743
2015/3/17,#N/A
2015/3/18,#N/A
2015/3/19,#N/A
2015/3/20,0.050186791
2015/3/23,-0.953879178
2015/3/24,0.060759496
2015/3/25,#N/A
2015/3/26,0.696640193
2015/3/27,0.055639818
2015/3/30,0.41628781
2015/3/31,#N/A
2015/4/1,0.842937589
2015/4/2,#N/A
2015/4/6,#N/A
2015/4/7,0.038059864
2015/4/8,-0.856646061
2015/4/9,-0.967638612
2015/4/10,-0.934875131
2015/4/13,0.508798361
2015/4/14,0.060555451
2015/4/15,#N/A
2015/4/16,0.081770152
2015/4/17,0.136489168
2015/4/20,#N/A
2015/4/21,#N/A
2015/4/22,#N/A
2015/4/23,-0.765321255
2015/4/24,#N/A
2015/4/27,0.122718602
2015/4/28,0.313509375
2015/4/29,-0.037171829
2015/4/30,#N/A
2015/5/1,#N/A
2015/5/4,#N/A
2015/5/5,#N/A
2015/5/6,0.039511845
2015/5/7,0.04733799
2015/5/8,#N/A
2015/5/11,-0.962250412
2015/5/12,#N/A
2015/5/13,0.091723412
2015/5/14,0.91320616
2015/5/15,#N/A
2015/5/18,-0.559276819
2015/5/19,-0.839719594
2015/5/20,0.46988523
2015/5/21,0.00672424
2015/5/22,0.063339807
2015/5/26,#N/A
2015/5/27,0.142716244
2015/5/28,#N/A
2015/5/29,#N/A
2015/6/1,0.111862287
2015/6/2,#N/A
2015/6/3,-0.936460793
2015/6/4,0.850735545
2015/6/5,0.00693237
2015/6/8,-0.013530359
2015/6/9,#N/A
2015/6/10,-0.247653171
2015/6/11,0.469585091
2015/6/12,#N/A
2015/6/15,#N/A
2015/6/16,0.410353035
2015/6/17,#N/A
2015/6/18,0.050573364
2015/6/19,0.892886579
2015/6/22,0.03468971
2015/6/23,0.701625347
2015/6/24,0.710837722
2015/6/25,#N/A
2015/6/26,#N/A
2015/6/29,#N/A
2015/6/30,-0.936228991
2015/7/1,-0.234468505
2015/7/2,#N/A
2015/7/6,#N/A
2015/7/7,#N/A
2015/7/8,0.077288836
2015/7/9,-0.973867118
2015/7/10,#N/A
2015/7/13,-0.708501875
2015/7/14,0.10373418
2015/7/15,#N/A
2015/7/16,#N/A
2015/7/17,#N/A
2015/7/20,0.666247785
2015/7/21,-0.048304059
2015/7/22,-0.59537375
2015/7/23,#N/A
2015/7/24,#N/A
2015/7/27,0.490297318
2015/7/28,#N/A
2015/7/29,#N/A
2015/7/30,0.094520062
2015/7/31,#N/A
2015/8/3,0.245305106
2015/8/4,-0.961015344
2015/8/5,-0.7953192
2015/8/6,#N/A
2015/8/7,0.029416934
2015/8/10,0.702431083
2015/8/11,-0.897959471
2015/8/12,#N/A
2015/8/13,0.028991854
2015/8/14,0.040736891
2015/8/17,#N/A
2015/8/18,#N/A
2015/8/19,#N/A
2015/8/20,0.045390129
2015/8/21,0.901768565
2015/8/24,-0.910848081
2015/8/25,0.65999949
2015/8/26,0.885088444
2015/8/27,0.062694103
2015/8/28,0.014518872
2015/8/31,0.706940353
2015/9/1,0.13858217
2015/9/2,0.171860024
2015/9/3,#N/A
2015/9/4,0.712834775
2015/9/8,#N/A
2015/9/9,0.779463649
2015/9/10,0.1499843
2015/9/11,#N/A
2015/9/14,0.247119695
2015/9/15,#N/A
2015/9/16,0.831264317
2015/9/17,#N/A
2015/9/18,0.270984083
2015/9/21,0.669915438
2015/9/22,0.102158889
2015/9/23,#N/A
2015/9/24,#N/A
2015/9/25,0.406861544
2015/9/28,0.190504491
2015/9/29,#N/A
2015/9/30,0.533660829
2015/10/1,-0.021685399
2015/10/2,0.060627047
2015/10/5,#N/A
2015/10/6,#N/A
2015/10/7,#N/A
2015/10/8,-0.963953972
2015/10/9,0.027652275
2015/10/12,#N/A
2015/10/13,0.38747707
2015/10/14,#N/A
2015/10/15,#N/A
2015/10/16,0.738641739
2015/10/19,#N/A
2015/10/20,0.01504219
2015/10/21,-0.049478918
2015/10/22,#N/A
2015/10/23,0.022330213
2015/10/26,-0.967175245
2015/10/27,0.010261238
2015/10/28,0.866578341
2015/10/29,#N/A
2015/10/30,#N/A
2015/11/2,#N/A
2015/11/3,0.862712622
2015/11/4,#N/A
2015/11/5,0.021399759
2015/11/6,#N/A
2015/11/9,0.098945245
2015/11/10,-0.876116514
2015/11/11,0.038776327
2015/11/12,#N/A
2015/11/13,#N/A
2015/11/16,#N/A
2015/11/17,#N/A
2015/11/18,0.451508522
2015/11/19,0.719644547
2015/11/20,-0.514655352
2015/11/23,0.061686721
2015/11/24,#N/A
2015/11/25,0.300678402
2015/11/27,#N/A
2015/11/30,0.208619595
2015/12/1,0.896760523
2015/12/2,#N/A
2015/12/3,0.023536589
2015/12/4,-0.373025596
2015/12/7,#N/A
2015/12/8,-0.936117887
2015/12/9,#N/A
2015/12/10,0.733953238
2015/12/11,#N/A
2015/12/14,-0.962468982
2015/12/15,-0.888540745
2015/12/16,#N/A
2015/12/17,0.002101764
2015/12/18,#N/A
2015/12/21,0.577606261
2015/12/22,#N/A
2015/12/23,#N/A
2015/12/24,#N/A
2015/12/28,#N/A
2015/12/29,#N/A
2015/12/30,0.034225915
2015/12/31,#N/A
2016/1/4,0.902003288
2016/1/5,-0.95992285
2016/1/6,0.200702518
2016/1/7,0.007624321
2016/1/8,-0.927947521
2016/1/11,-0.389148116
2016/1/12,-0.965479314
2016/1/13,#N/A
2016/1/14,#N/A
2016/1/15,-0.655134797
2016/1/19,0.538994133
2016/1/20,#N/A
2016/1/21,#N/A
2016/1/22,-0.275952071
2016/1/25,-0.957863808
2016/1/26,0.006781908
2016/1/27,-0.888141632
2016/1/28,#N/A
2016/1/29,0.306803256
2016/2/1,0.099729344
2016/2/2,0.038666107
2016/2/3,0.784677863
2016/2/4,#N/A
2016/2/5,#N/A
2016/2/8,0.232228637
2016/2/9,#N/A
2016/2/10,#N/A
2016/2/11,-0.880251884
2016/2/12,0.110409804
2016/2/16,0.016862934
2016/2/17,0.004683316
2016/2/18,-0.469814003
2016/2/19,-0.871519923
2016/2/22,0.089999594
2016/2/23,#N/A
2016/2/24,0.018131286
2016/2/25,-0.766752005
2016/2/26,0.042542025
2016/2/29,#N/A
2016/3/1,-0.859285653
2016/3/2,0.02531727
2016/3/3,0.729186296
2016/3/4,#N/A
2016/3/7,0.04748705
2016/3/8,-0.361658335
2016/3/9,#N/A
2016/3/10,0.044211462
2016/3/11,#N/A
2016/3/14,#N/A
2016/3/15,0.10594739
2016/3/16,0.069560274
2016/3/17,#N/A
2016/3/18,0.065827519
2016/3/21,0.676716089
2016/3/22,0.088858038
2016/3/23,-0.951092064
2016/3/24,0.860816777
2016/3/28,#N/A
2016/3/29,#N/A
2016/3/30,-0.043350853
2016/3/31,0.019850647
2016/4/1,#N/A
2016/4/4,0.104898117
2016/4/5,#N/A
2016/4/6,#N/A
2016/4/7,#N/A
2016/4/8,#N/A
2016/4/11,#N/A
2016/4/12,#N/A
2016/4/13,-0.947509408
2016/4/14,#N/A
2016/4/15,-0.916736424
2016/4/18,0.855188429
2016/4/19,-0.042595513
2016/4/20,-0.872107029
2016/4/21,#N/A
2016/4/22,-0.962458551
2016/4/25,0.49847579
2016/4/26,0.018339567
2016/4/27,#N/A
2016/4/28,-0.071603335
2016/4/29,#N/A
2016/5/2,0.00247965
2016/5/3,-0.373813093
2016/5/4,0.011896838
2016/5/5,0.845360875
2016/5/6,#N/A
2016/5/9,#N/A
2016/5/10,#N/A
2016/5/11,#N/A
2016/5/12,-0.943726838
2016/5/13,0.021148859
2016/5/16,0.097367056
2016/5/17,#N/A
2016/5/18,#N/A
2016/5/19,0.270365059
2016/5/20,#N/A
2016/5/23,0.837764859
2016/5/24,0.60013175
2016/5/25,-0.804921806
2016/5/26,0.187373757
2016/5/27,#N/A
2016/5/31,0.203554779
2016/6/1,#N/A
2016/6/2,0.024764031
2016/6/3,#N/A
2016/6/6,#N/A
2016/6/7,#N/A
2016/6/8,-0.047416449
2016/6/9,-0.97108525
2016/6/10,0.05179029
2016/6/13,0.047409736
2016/6/14,#N/A
2016/6/15,0.343500346
2016/6/16,#N/A
2016/6/17,0.920151949
2016/6/20,0.148629427
2016/6/21,#N/A
2016/6/22,#N/A
2016/6/23,#N/A
2016/6/24,#N/A
2016/6/27,#N/A
2016/6/28,#N/A
2016/6/29,#N/A
2016/6/30,0.317515254
2016/7/1,0.06475912
2016/7/5,#N/A
2016/7/6,-0.596785188
2016/7/7,#N/A
2016/7/8,#N/A
2016/7/11,#N/A
2016/7/12,#N/A
2016/7/13,#N/A
2016/7/14,#N/A
2016/7/15,-0.029785313
2016/7/18,0.13284485
2016/7/19,0.023088969
2016/7/20,#N/A
2016/7/21,#N/A
2016/7/22,-0.461329132
2016/7/25,0.031185575
2016/7/26,0.497597694
2016/7/27,0.320430309
2016/7/28,-0.911570013
2016/7/29,-0.845616758
2016/8/1,#N/A
2016/8/2,0.032430828
2016/8/3,-0.081768379
2016/8/4,0.769236267
2016/8/5,0.204097226
2016/8/8,0.050299849
2016/8/9,#N/A
2016/8/10,0.029946025
2016/8/11,#N/A
2016/8/12,#N/A
2016/8/15,0.891326308
2016/8/16,-0.896029532
2016/8/17,-0.968639195
2016/8/18,0.726138651
2016/8/19,0.770115614
2016/8/22,0.170689479
2016/8/23,#N/A
2016/8/24,#N/A
2016/8/25,-0.852421284
2016/8/26,-0.836329341
2016/8/29,0.203313142
2016/8/30,0.09557645
2016/8/31,-0.088477448
2016/9/1,0.032054964
2016/9/2,-0.750484347
2016/9/6,#N/A
2016/9/7,0.034710318
2016/9/8,0.576032877
2016/9/9,0.112524912
2016/9/12,0.025969855
2016/9/13,-0.070392862
2016/9/14,0.663084447
2016/9/15,0.301095486
2016/9/16,0.905733407
2016/9/19,-0.760283589
2016/9/20,0.406469584
2016/9/21,0.063811898
2016/9/22,0.401973903
2016/9/23,-0.243464559
2016/9/26,-0.415913641
2016/9/27,#N/A
2016/9/28,0.823169708
2016/9/29,-0.890146196
2016/9/30,0.352002591
2016/10/3,-0.188843668
2016/10/4,0.027498338
2016/10/5,0.299057424
2016/10/6,-0.939935982
2016/10/7,0.147861585
2016/10/10,-0.881671429
2016/10/11,0.04665301
2016/10/12,0.18378827
2016/10/13,0.205728501
2016/10/14,0.0000436
2016/10/17,-0.059298068
2016/10/18,0.144852355
2016/10/19,0.018595595
2016/10/20,0.079087175
2016/10/21,-0.084354773
2016/10/24,-0.056299709
2016/10/25,0.0215616
2016/10/26,-0.748599887
2016/10/27,0.402186841
2016/10/28,0.595405698
2016/10/31,0.354422688
2016/11/1,0.05533421
2016/11/2,-0.300816894
2016/11/3,-0.095346451
2016/11/4,-0.138489366
2016/11/7,-0.966400325
2016/11/8,-0.762204349
2016/11/9,-0.145766452
2016/11/10,-0.770937562
2016/11/11,0.161114961
2016/11/14,0.101072788
2016/11/15,#N/A
2016/11/16,#N/A
2016/11/17,-0.876451552
2016/11/18,0.213503703
2016/11/21,0.149600804
2016/11/22,-0.02557921
2016/11/23,#N/A
2016/11/25,#N/A
2016/11/28,0.020469919
2016/11/29,#N/A
2016/11/30,-0.917196214
2016/12/1,0.133357376
2016/12/2,#N/A
2016/12/5,-0.880324841
2016/12/6,-0.384693772
2016/12/7,-0.450875372
2016/12/8,#N/A
2016/12/9,0.06994886
2016/12/12,0.137731582
2016/12/13,0.046637431
2016/12/14,#N/A
2016/12/15,0.695282161
2016/12/16,0.078403577
2016/12/19,0.001776986
2016/12/20,0.085122861
2016/12/21,-0.913945496
2016/12/22,#N/A
2016/12/23,0.090004876
2016/12/27,0.007375099
2016/12/28,#N/A
2016/12/29,-0.959386706
2016/12/30,-0.904054344
2017/1/3,0.124378622
2017/1/4,-0.400568545
2017/1/5,0.593436539
2017/1/6,0.248083115
2017/1/9,0.204219475
2017/1/10,0.065363668
2017/1/11,-0.020802855
2017/1/12,0.108253583
2017/1/13,0.142327189
2017/1/17,0.057022896
2017/1/18,#N/A
2017/1/19,0.047469538
2017/1/20,-0.86643672
2017/1/23,0.780276775
2017/1/24,-0.121959992
2017/1/25,-0.849569201
2017/1/26,#N/A
2017/1/27,0.636929035
2017/1/30,-0.16145359
2017/1/31,0.0215616
2017/2/1,0.642656088
2017/2/2,0.611215055
2017/2/3,0.103696093
2017/2/6,-0.432651341
2017/2/7,0.662417054
2017/2/8,0.248280644
2017/2/9,#N/A
2017/2/10,-0.224409997
2017/2/13,-0.86754787
2017/2/14,0.639542282
2017/2/15,#N/A
2017/2/16,-0.012906507
2017/2/17,0.069277748
2017/2/21,0.071746573
2017/2/22,0.151273116
2017/2/23,#N/A
2017/2/24,#N/A
2017/2/27,0.484266937
2017/2/28,0.437167883
2017/3/1,-0.647013485
2017/3/2,-0.895549715
2017/3/3,0.348386943
2017/3/6,0.566367686
2017/3/7,#N/A
2017/3/8,-0.545093656
2017/3/9,#N/A
2017/3/10,#N/A
2017/3/13,#N/A
2017/3/14,-0.823557258
2017/3/15,0.36072436
2017/3/16,-0.671689391
2017/3/17,0.063796431
2017/3/20,0.753276765
2017/3/21,0.078700736
2017/3/22,#N/A
2017/3/23,0.059100799
2017/3/24,0.308509886
2017/3/27,0.042140901
2017/3/28,#N/A
2017/3/29,0.399865478
2017/3/30,-0.74552387
2017/3/31,0.077539682
2017/4/3,0.189674854
2017/4/4,0.067151107
2017/4/5,#N/A
2017/4/6,0.00713715
2017/4/7,-0.002889566
2017/4/10,-0.171631545
2017/4/11,0.663511038
2017/4/12,-0.018369243
2017/4/13,0.103689432
2017/4/17,#N/A
2017/4/18,#N/A
2017/4/19,#N/A
2017/4/20,0.418702304
2017/4/21,0.160752222
2017/4/24,0.001456778
2017/4/25,0.0368926
2017/4/26,#N/A
2017/4/27,0.014624057
2017/4/28,0.094245598
2017/5/1,#N/A
2017/5/2,-0.966014922
2017/5/3,0.743036032
2017/5/4,#N/A
2017/5/5,0.782087684
2017/5/8,0.383413941
2017/5/9,#N/A
2017/5/10,-0.849820018
2017/5/11,0.050652966
2017/5/12,-0.042997621
2017/5/15,0.571423173
2017/5/16,#N/A
2017/5/17,0.575543702
2017/5/18,0.13415888
2017/5/19,-0.287867546
2017/5/22,#N/A
2017/5/23,0.625178099
2017/5/24,#N/A
2017/5/25,-0.832648337
2017/5/26,0.024278671
2017/5/30,-0.502245724
2017/5/31,0.141849294
2017/6/1,0.163715094
2017/6/2,0.272883862
2017/6/5,0.031264775
2017/6/6,0.078585997
2017/6/7,0.030601922
2017/6/8,0.663989902
2017/6/9,-0.956461668
2017/6/12,-0.954887748
2017/6/13,0.299696565
2017/6/14,0.740693629
2017/6/15,-0.278929412
2017/6/16,-0.013736002
2017/6/19,0.167477161
2017/6/20,-0.838437557
2017/6/21,0.222592548
2017/6/22,0.115093701
2017/6/23,-0.889852762
2017/6/26,0.301996231
2017/6/27,0.004416697
2017/6/28,0.626919389
2017/6/29,#N/A
2017/6/30,#N/A
2017/7/3,-0.910080075
2017/7/5,-0.257613629
2017/7/6,-0.824442089
2017/7/7,0.06945762
2017/7/10,0.026178064
2017/7/11,-0.887543797
2017/7/12,-0.970774114
2017/7/13,-0.206381768
2017/7/14,0.005861357
2017/7/17,0.042703629
2017/7/18,#N/A
2017/7/19,-0.934658468
2017/7/20,0.0251972
2017/7/21,0.103146926
2017/7/24,0.841523528
2017/7/25,0.25156948
2017/7/26,0.055874024
2017/7/27,#N/A
2017/7/28,0.1109621
2017/7/31,-0.718491793
2017/8/1,-0.160920605
2017/8/2,0.527036428
2017/8/3,0.036167748
2017/8/4,-0.954486609
2017/8/7,0.048943702
2017/8/8,0.215155512
2017/8/9,0.539315403
2017/8/10,0.282079488
2017/8/11,0.505102575
2017/8/14,0.500179589
2017/8/15,0.076605499
2017/8/16,-0.0582841
2017/8/17,0.015142596
2017/8/18,0.033003375
2017/8/21,0.095205255
2017/8/22,0.109412737
2017/8/23,-0.960071564
2017/8/24,0.055697881
2017/8/25,0.019616494
2017/8/28,0.01496996
2017/8/29,-0.943173945
2017/8/30,0.133348554
2017/8/31,-0.959339321
2017/9/1,-0.328788996
2017/9/5,0.037124358
2017/9/6,-0.210957453
2017/9/7,-0.914945245
2017/9/8,-0.936897516
2017/9/11,-0.923238397
2017/9/12,0.028219093
2017/9/13,0.128309295
2017/9/14,-0.888396621
2017/9/15,-0.009655597
2017/9/18,-0.021076981
2017/9/19,0.061476558
2017/9/20,-0.038144495
2017/9/21,-0.422912598
2017/9/22,0.324089676
2017/9/25,-0.025469206
2017/9/26,0.079790875
2017/9/27,-0.251064718
2017/9/28,-0.529741049
2017/9/29,0.171142936
2017/10/2,0.045421332
2017/10/3,0.074927837
2017/10/4,0.396763802
2017/10/5,-0.090018779
2017/10/6,-0.954946816
2017/10/9,0.485476404
2017/10/10,0.826679587
2017/10/11,0.027780049
2017/10/12,-0.905922651
2017/10/13,-0.924233556
2017/10/16,0.898402572
2017/10/17,0.423806399
2017/10/18,#N/A
2017/10/19,-0.953185797
2017/10/20,-0.021733791
2017/10/23,0.24668549
2017/10/24,0.116846517
2017/10/25,-0.893676877
2017/10/26,#N/A
2017/10/27,0.031263731
2017/10/30,0.717400789
2017/10/31,0.442636013
2017/11/1,-0.103107177
2017/11/2,0.816834033
2017/11/3,0.211724713
2017/11/6,0.05167675
2017/11/7,-0.592071354
2017/11/8,0.10066662
2017/11/9,0.212009013
2017/11/10,0.066315211
2017/11/13,0.056437816
2017/11/14,-0.125373304
2017/11/15,0.052382007
2017/11/16,-0.881787777
2017/11/17,-0.466505438
2017/11/20,0.009109359
2017/11/21,0.545592785
2017/11/22,0.1355896
2017/11/24,#N/A
2017/11/27,-0.957210243
2017/11/28,0.091246933
2017/11/29,0.003852256
2017/11/30,-0.813465774
2017/12/1,#N/A
2017/12/4,0.057397585
2017/12/5,0.137792841
2017/12/6,-0.957945168
2017/12/7,0.072964586
2017/12/8,0.053357568
2017/12/11,0.088633694
2017/12/12,0.039737083
2017/12/13,0.010090165
2017/12/14,#N/A
2017/12/15,-0.88814342
2017/12/18,0.750366688
2017/12/19,-0.855424941
2017/12/20,0.017346362
2017/12/21,0.066078298
2017/12/22,-0.834833801
2017/12/26,-0.126804128
2017/12/27,0.185694903
2017/12/28,-0.269801885
2017/12/29,-0.822548032
2018/1/2,0.161503956
2018/1/3,#N/A
2018/1/4,-0.067310505
2018/1/5,-0.481761754
2018/1/8,0.039839104
2018/1/9,0.654530942
2018/1/10,-0.759032249
2018/1/11,#N/A
2018/1/12,0.24611789
2018/1/16,0.884610236
2018/1/17,0.074063413
2018/1/18,-0.970439494
2018/1/19,0.065921806
2018/1/22,0.078179315
2018/1/23,-0.727554321
2018/1/24,-0.17454125
2018/1/25,0.666694999
2018/1/26,-0.297938347
2018/1/29,0.216884226
2018/1/30,-0.789348722
2018/1/31,-0.282069892
2018/2/1,-0.937497675
2018/2/2,0.12389674
2018/2/5,0.187808648
2018/2/6,0.115372382
2018/2/7,0.537877798
2018/2/8,-0.444555283
2018/2/9,#N/A
2018/2/12,0.130724147
2018/2/13,-0.876970887
2018/2/14,0.61533916
2018/2/15,0.367907315
2018/2/16,0.153978229
2018/2/20,#N/A
2018/2/21,-0.10703443
2018/2/22,0.232283935
2018/2/23,#N/A
2018/2/26,0.008854996
2018/2/27,0.026264682
2018/2/28,-0.055256322
2018/3/1,0.795825064
2018/3/2,-0.937792063
2018/3/5,-0.461870223
2018/3/6,0.781591296
2018/3/7,-0.009433728
2018/3/8,0.192588419
2018/3/9,#N/A
2018/3/12,0.837664485
2018/3/13,0.068977945
2018/3/14,-0.30850333
2018/3/15,-0.782341778
2018/3/16,-0.828627408
2018/3/19,-0.912937224
2018/3/20,0.422420025
2018/3/21,0.200861707
2018/3/22,-0.016390964
2018/3/23,0.825926065
2018/3/26,0.127885938
2018/3/27,0.026736181
2018/3/28,-0.621333361
2018/3/29,0.028239053
2018/4/2,-0.861143887
2018/4/3,0.23373878
2018/4/4,-0.040190145
2018/4/5,-0.405502677
2018/4/6,-0.838993192
2018/4/9,0.250839949
2018/4/10,-0.002350951
2018/4/11,0.1122308
2018/4/12,-0.926809728
2018/4/13,0.739231229
2018/4/16,-0.797779739
2018/4/17,0.181262746
2018/4/18,#N/A
2018/4/19,-0.949329734
2018/4/20,-0.714667261
2018/4/23,-0.817042708
2018/4/24,-0.804224074
2018/4/25,-0.113186821
2018/4/26,-0.942981064
2018/4/27,0.046376929
2018/4/30,0.016859567
2018/5/1,0.651051104
2018/5/2,-0.291313797
2018/5/3,#N/A
2018/5/4,0.020981282
2018/5/7,0.020515405
2018/5/8,0.050472103
2018/5/9,0.149654537
2018/5/10,0.702651203
2018/5/11,#N/A
2018/5/14,0.045133974
2018/5/15,0.018701414
2018/5/16,0.068239115
2018/5/17,#N/A
2018/5/18,0.090567067
2018/5/21,-0.953303218
2018/5/22,0.06685625
2018/5/23,0.797649741
2018/5/24,-0.504650176
2018/5/25,0.071051106
2018/5/29,-0.818521976
2018/5/30,0.086262941
2018/5/31,-0.915204346
2018/6/1,0.043903481
2018/6/4,0.079301514
2018/6/5,-0.009954005
2018/6/6,-0.901329279
2018/6/7,#N/A
2018/6/8,-0.943754494
2018/6/11,-0.148154527
2018/6/12,-0.909000635
2018/6/13,-0.930466294
2018/6/14,0.549426675
2018/6/15,0.17565167
2018/6/18,0.019873098
2018/6/19,-0.827302933
2018/6/20,0.20926477
2018/6/21,0.040633474
2018/6/22,#N/A
2018/6/25,0.22471489
2018/6/26,0.400888443
2018/6/27,-0.034492835
2018/6/28,0.013105952
2018/6/29,0.032676578
2018/7/2,0.045879588
2018/7/3,#N/A
2018/7/5,#N/A
2018/7/6,0.883016288
2018/7/9,-0.066301316
2018/7/10,-0.440221339
2018/7/11,-0.843158185
2018/7/12,0.919749975
2018/7/13,0.420301586
2018/7/16,0.793606639
2018/7/17,#N/A
2018/7/18,#N/A
2018/7/19,-0.932993889
2018/7/20,0.686252356
2018/7/23,#N/A
2018/7/24,-0.788897693
2018/7/25,-0.916799486
2018/7/26,0.917013645
2018/7/27,0.026132639
2018/7/30,#N/A
2018/7/31,0.064628035
2018/8/1,0.707187295
2018/8/2,0.006075541
2018/8/3,#N/A
2018/8/6,-0.672967672
2018/8/7,-0.773895323
2018/8/8,0.04984314
2018/8/9,0.238400817
2018/8/10,-0.963227391
2018/8/13,-0.036975101
2018/8/14,0.529015839
2018/8/15,-0.941627264
2018/8/16,#N/A
2018/8/17,0.354381502
2018/8/20,-0.945679843
2018/8/21,0.247489393
2018/8/22,-0.893470049
2018/8/23,0.06736441
2018/8/24,#N/A
2018/8/27,0.132679373
2018/8/28,0.123541504
2018/8/29,-0.880561411
2018/8/30,0.001596373
2018/8/31,-0.080121562
2018/9/4,-0.957103789
2018/9/5,0.735705495
2018/9/6,0.104633175
2018/9/7,0.028740389
2018/9/10,0.209594384
2018/9/11,0.046381846
2018/9/12,0.042850845
2018/9/13,-0.907404661
2018/9/14,0.842614651
2018/9/17,-0.037893347
2018/9/18,-0.170888871
2018/9/19,0.086864911
2018/9/20,0.277478576
2018/9/21,0.016262203
2018/9/24,0.48199898
2018/9/25,0.102051228
2018/9/26,-0.965224743
2018/9/27,-0.791657567
2018/9/28,0.134830832
2018/10/1,0.82052213
2018/10/2,#N/A
2018/10/3,-0.106750704
2018/10/4,-0.345040262
2018/10/5,-0.497186601
2018/10/8,0.564460278
2018/10/9,-0.770633698
2018/10/10,-0.000191392
2018/10/11,0.033027396
2018/10/12,-0.891462862
2018/10/15,0.020024005
2018/10/16,-0.921245217
2018/10/17,0.427607
2018/10/18,0.651856124
2018/10/19,-0.354829937
2018/10/22,#N/A
2018/10/23,0.569181025
2018/10/24,0.526502132
2018/10/25,#N/A
2018/10/26,#N/A
2018/10/29,-0.947709203
2018/10/30,0.064619295
2018/10/31,0.913079977
2018/11/1,-0.950242698
2018/11/2,-0.9669227
2018/11/5,-0.936950505
2018/11/6,-0.428429037
2018/11/7,-0.897726715
2018/11/8,0.130178571
2018/11/9,0.024958672
2018/11/12,-0.621591926
2018/11/13,-0.905381501
2018/11/14,-0.589538455
2018/11/15,0.055292979
2018/11/16,#N/A
2018/11/19,0.13046059
2018/11/20,0.547835946
2018/11/21,0.146554768
2018/11/23,0.464862049
2018/11/26,0.31617406
2018/11/27,-0.847137749
2018/11/28,#N/A
2018/11/29,-0.90715605
2018/11/30,0.520025074
2018/12/3,-0.157879114
2018/12/4,-0.225316077
2018/12/6,-0.820119202
2018/12/7,-0.213465452
2018/12/10,-0.896650434
2018/12/11,0.103780814
2018/12/12,-0.227446988
2018/12/13,-0.503910244
2018/12/14,0.046815459
2018/12/17,0.051889017
2018/12/18,-0.951993704
2018/12/19,#N/A
2018/12/20,-0.9520064
2018/12/21,#N/A
2018/12/24,0.39728719
2018/12/26,0.387608647
2018/12/27,-0.948916852
2018/12/28,-0.365586877
2018/12/31,-0.837712169
2019/1/2,0.010521485
2019/1/3,0.070310764
2019/1/4,0.912288308
2019/1/7,#N/A
2019/1/8,-0.898388326
2019/1/9,-0.953003287
2019/1/10,-0.816802919
2019/1/11,0.078943655
2019/1/14,-0.020370513
2019/1/15,0.084927268
2019/1/16,-0.956026852
2019/1/17,0.040180106
2019/1/18,-0.041136086
2019/1/22,-0.302033335
2019/1/23,-0.859703958
2019/1/24,0.027545961
2019/1/25,0.116741613
2019/1/28,0.000967406
2019/1/29,0.331340134
2019/1/30,-0.884741247
2019/1/31,-0.953768253
2019/2/1,-0.056287684
2019/2/4,-0.062565185
2019/2/5,-0.498732775
2019/2/6,0.727083921
2019/2/7,0.070792601
2019/2/8,-0.095294908
2019/2/11,-0.029692549
2019/2/12,-0.883370638
2019/2/13,-0.547427773
2019/2/14,0.027845802
2019/2/15,-0.0840775
2019/2/19,0.888508558
2019/2/20,0.362954676
2019/2/21,0.092455693
2019/2/22,0.048728004
2019/2/25,-0.124929205
2019/2/26,0.034300424
2019/2/27,-0.798945069
2019/2/28,0.007006643
2019/3/1,-0.365538478
2019/3/4,-0.005218279
2019/3/5,0.383274943
2019/3/6,-0.08688999
2019/3/7,0.050424121
2019/3/8,-0.584144711
2019/3/11,0.061738253
2019/3/12,#N/A
2019/3/13,0.086705446
2019/3/14,0.360343784
2019/3/15,0.501944542
2019/3/18,-0.536088467
2019/3/19,0.093405232
2019/3/20,0.078692853
2019/3/21,0.04200197
2019/3/22,0.417371601
2019/3/25,0.034217387
2019/3/26,0.040393658
2019/3/27,#N/A
2019/3/28,0.047458947
2019/3/29,-0.947813809
2019/4/1,0.092896298
2019/4/2,0.066158026
2019/4/3,0.019072108
2019/4/4,0.043130197
2019/4/5,-0.139459878
2019/4/8,-0.222996503
2019/4/9,0.528411388
2019/4/10,0.045282595
2019/4/11,-0.402212143
2019/4/12,-0.869512558
2019/4/15,0.031228837
2019/4/16,-0.834597468
2019/4/17,0.127781764
2019/4/18,-0.349684179
2019/4/22,0.002207017
2019/4/23,-0.317581415
2019/4/24,0.111833706
2019/4/25,-0.368448228
2019/4/26,0.13535665
2019/4/29,-0.015411854
2019/4/30,0.569395721
2019/5/1,0.519617975
2019/5/2,0.348141432
2019/5/3,#N/A
2019/5/6,-0.640833378
2019/5/7,0.413704008
2019/5/8,0.276904643
2019/5/9,-0.967294335
2019/5/10,-0.516345501
2019/5/13,0.254223466
2019/5/14,-0.782928526
2019/5/15,#N/A
2019/5/16,-0.957819343
2019/5/17,-0.077730581
2019/5/20,-0.640322983
2019/5/21,0.143129766
2019/5/22,0.017185718
2019/5/23,-0.78698802
2019/5/24,-0.021931903
2019/5/28,-0.852382898
2019/5/29,#N/A
2019/5/30,0.619816005
2019/5/31,-0.875314713
2019/6/3,-0.093661889
2019/6/4,-0.827727735
2019/6/5,0.774213612
2019/6/6,0.082914963
2019/6/7,#N/A
2019/6/10,#N/A
2019/6/11,0.223602816
2019/6/12,-0.894854128
2019/6/13,0.067818277
2019/6/14,#N/A
2019/6/17,-0.01197565
2019/6/18,-0.861062229
2019/6/19,0.699018538
2019/6/20,-0.939521313
2019/6/21,-0.008316785
2019/6/24,-0.046184614
2019/6/25,0.199254856
2019/6/26,0.559405923
2019/6/27,-0.407213539
2019/6/28,0.15394628
2019/7/1,0.332774043
2019/7/2,-0.945731401
2019/7/3,#N/A
2019/7/5,#N/A
2019/7/8,-0.858214438
2019/7/9,0.021979736
2019/7/10,0.30160448
2019/7/11,-0.073843248
2019/7/12,-0.887059927
2019/7/15,#N/A
2019/7/16,0.010948937
2019/7/17,-0.261363804
2019/7/18,-0.048735335
2019/7/19,0.583984256
2019/7/22,0.140608788
2019/7/23,-0.03068006
2019/7/24,0.115142047
2019/7/25,0.861094773
2019/7/26,0.084907398
2019/7/29,0.030798376
2019/7/30,0.671046257
2019/7/31,-0.124938592
2019/8/1,#N/A
2019/8/2,-0.141463712
2019/8/5,0.507742703
2019/8/6,0.00370134
2019/8/7,-0.014510639
2019/8/8,0.076088682
2019/8/9,#N/A
2019/8/12,-0.947261453
2019/8/13,-0.395222366
2019/8/14,-0.694659829
2019/8/15,-0.191655964
2019/8/16,-0.125281423
2019/8/19,0.035113595
2019/8/20,-0.351192802
2019/8/21,-0.096367896
2019/8/22,0.265105635
2019/8/23,-0.683587909
2019/8/26,0.027363664
2019/8/27,#N/A
2019/8/28,0.086475872
2019/8/29,-0.007357471
2019/8/30,-0.692079306
2019/9/3,-0.596122205
2019/9/4,0.170461506
2019/9/5,0.866340399
2019/9/6,-0.634293556
2019/9/9,-0.816875458
2019/9/10,0.15330933
2019/9/11,0.826582611
2019/9/12,#N/A
2019/9/13,-0.695404649
2019/9/16,-0.815104365
2019/9/17,0.047026247
2019/9/18,-0.061269306
2019/9/19,0.034374427
2019/9/20,0.571371913
2019/9/23,0.144939646
2019/9/24,0.081327558
2019/9/25,0.082224987
2019/9/26,0.855348468
2019/9/27,-0.047031343
2019/9/30,0.879288316
2019/10/1,-0.187474146
2019/10/2,-0.253681839
2019/10/3,0.709211409
2019/10/4,0.009430595
2019/10/7,-0.543691814
2019/10/8,#N/A
2019/10/9,0.341037154
2019/10/10,-0.668490112
2019/10/11,0.900297642
2019/10/14,-0.579189062
2019/10/15,0.054456949
2019/10/16,0.614975095
2019/10/17,0.313374996
2019/10/18,-0.027450033
2019/10/21,0.067499742
2019/10/22,-0.106498897
2019/10/23,0.067168862
2019/10/24,0.801141441
2019/10/25,-0.015547354
2019/10/28,0.003059484
2019/10/29,0.051481519
2019/10/30,0.182902455
2019/10/31,0.037175111
2019/11/1,-0.476126999
2019/11/4,0.042744234
2019/11/5,#N/A
2019/11/6,0.021475647
2019/11/7,-0.232640922
2019/11/8,#N/A
2019/11/11,0.063526213
2019/11/12,0.031452268
2019/11/13,0.05658251
2019/11/14,-0.049233861
2019/11/15,0.054112185
2019/11/18,0.058355797
2019/11/19,-0.00746689
2019/11/20,-0.436546773
2019/11/21,-0.798870504
2019/11/22,-0.65574342
2019/11/25,0.187895194
2019/11/26,#N/A
2019/11/27,-0.756518722
2019/11/29,#N/A
2019/12/2,0.445589602
2019/12/3,#N/A
2019/12/4,0.405841827
2019/12/5,0.036610216
2019/12/6,#N/A
2019/12/9,0.076918833
2019/12/10,0.011135712
2019/12/11,0.637036741
2019/12/12,0.044555537
2019/12/13,-0.001645472
2019/12/16,0.078096226
2019/12/17,0.921031654
2019/12/18,0.061818615
2019/12/19,0.161650419
2019/12/20,0.083472624
2019/12/23,0.122881062
2019/12/24,#N/A
2019/12/26,#N/A
2019/12/27,0.07085833
2019/12/30,0.860771894
2019/12/31,-0.804039836
2020/1/2,0.213698059
2020/1/3,-0.893856943
2020/1/6,0.484102845
2020/1/7,#N/A
2020/1/8,0.072731286
2020/1/9,0.286975175
2020/1/10,#N/A
2020/1/13,-0.630510628
2020/1/14,-0.736031532
2020/1/15,0.096577279
2020/1/16,0.048668597
2020/1/17,0.651826382
2020/1/21,0.016203022
2020/1/22,-0.075910509
2020/1/23,0.552660048
2020/1/24,-0.290252388
2020/1/27,0.038537033
2020/1/28,-0.293714285
2020/1/29,0.089408174
2020/1/30,0.262140274
2020/1/31,0.072018228
2020/2/3,-0.107576407
2020/2/4,0.004950155
2020/2/5,0.067760065
2020/2/6,-0.797391176
2020/2/7,-0.842650652
2020/2/10,-0.297916144
2020/2/11,0.023909725
2020/2/12,#N/A
2020/2/13,0.875656486
2020/2/14,0.09326151
2020/2/18,-0.701021731
2020/2/19,0.123624228
2020/2/20,-0.821674109
2020/2/21,#N/A
2020/2/24,0.341933042
2020/2/25,0.044479538
2020/2/26,0.004931899
2020/2/27,0.044519365
2020/2/28,0.330745697
2020/3/2,0.037322953
2020/3/3,0.237096399
2020/3/4,-0.824639022
2020/3/5,-0.928213239
2020/3/6,-0.018374354
2020/3/9,-0.900022268
2020/3/10,0.698931992
2020/3/11,0.005407631
2020/3/12,0.140935779
2020/3/13,0.588400722
2020/3/16,-0.848760545
2020/3/17,-0.593496561
2020/3/18,0.147471443
2020/3/19,0.007163651
2020/3/20,-0.313686609
2020/3/23,-0.242607176
2020/3/24,0.165676579
2020/3/25,-0.709731221
2020/3/26,-0.849153399
2020/3/27,#N/A
2020/3/30,0.040335029
2020/3/31,0.040896032
2020/4/1,-0.081855945
2020/4/2,-0.007070839
2020/4/3,-0.122102618
2020/4/6,0.692803562
2020/4/7,#N/A
2020/4/8,0.045110326
2020/4/9,0.365033716
2020/4/13,0.392690957
2020/4/14,-0.005581059
2020/4/15,0.20996362
2020/4/16,0.090753213
2020/4/17,0.147564933
2020/4/20,#N/A
2020/4/21,-0.487891406
2020/4/22,0.191607222
2020/4/23,0.058674719
2020/4/24,#N/A
2020/4/27,0.061508968
2020/4/28,0.259901404
2020/4/29,0.035466835
2020/4/30,-0.734052718
2020/5/1,-0.069408067
2020/5/4,0.292129874
2020/5/5,#N/A
2020/5/6,0.027681988
2020/5/7,#N/A
2020/5/8,0.080055661
2020/5/11,-0.96781534
2020/5/12,0.578248978
2020/5/13,0.885141313
2020/5/14,0.053200856
2020/5/15,0.087687768
2020/5/18,0.224979818
2020/5/19,0.078296468
2020/5/20,#N/A
2020/5/21,0.901085138
2020/5/22,#N/A
2020/5/26,0.526395619
2020/5/27,-0.206867963
2020/5/28,0.192572445
2020/5/29,#N/A
2020/6/1,0.099280044
2020/6/2,-0.955141068
2020/6/3,0.351756752
2020/6/4,#N/A
2020/6/5,0.067408197
2020/6/8,0.898196936
2020/6/9,-0.906717598
2020/6/10,0.031739809
2020/6/11,0.555176437
2020/6/12,#N/A
2020/6/15,0.200237349
2020/6/16,0.318952143
2020/6/17,-0.125903815
2020/6/18,0.077169612
2020/6/19,-0.931906521
2020/6/22,-0.834879041
2020/6/23,0.48131305
2020/6/24,0.006058903
2020/6/25,-0.912210941
2020/6/26,-0.084378615
2020/6/29,-0.885745525
2020/6/30,-0.918081701
